name,height_m,hp,sp_attack,sp_defense,speed,type,weight_kg,attack,generation
Bulbasaur,0.7,45,65,65,45,grass,6.9,49,1
Ivysaur,1,60,80,80,60,grass,13,62,1
Venusaur,2,80,122,120,80,grass,100,100,1
Charmander,0.6,39,60,50,65,fire,8.5,52,1
Charmeleon,1.1,58,80,65,80,fire,19,64,1
Charizard,1.7,78,159,115,100,fire,90.5,104,1
Squirtle,0.5,44,50,64,43,water,9,48,1
Wartortle,1,59,65,80,58,water,22.5,63,1
Blastoise,1.6,79,135,115,78,water,85.5,103,1
Caterpie,0.3,45,20,20,45,bug,2.9,30,1
Metapod,0.7,50,25,25,30,bug,9.9,20,1
Butterfree,1.1,60,90,80,70,bug,32,45,1
Weedle,0.3,40,20,20,50,bug,3.2,35,1
Kakuna,0.6,45,25,25,35,bug,10,25,1
Beedrill,1,65,15,80,145,bug,29.5,150,1
Pidgey,0.3,40,35,35,56,normal,1.8,45,1
Pidgeotto,1.1,63,50,50,71,normal,30,60,1
Pidgeot,1.5,83,135,80,121,normal,39.5,80,1
Rattata,,30,25,35,72,normal,,56,1
Raticate,,75,40,80,77,normal,,71,1
Spearow,0.3,40,31,31,70,normal,2,60,1
Fearow,1.2,65,61,61,100,normal,38,90,1
Ekans,2,35,40,54,55,poison,6.9,60,1
Arbok,3.5,60,65,79,80,poison,65,95,1
Pikachu,0.4,35,50,50,90,electric,6,55,1
Raichu,,60,95,85,110,electric,,85,1
Sandshrew,,50,10,35,40,ground,,75,1
Sandslash,,75,25,65,65,ground,,100,1
Nidoran♀,0.4,55,40,40,41,poison,7,47,1
Nidorina,0.8,70,55,55,56,poison,20,62,1
Nidoqueen,1.3,90,75,85,76,poison,60,92,1
Nidoran♂,0.5,46,40,40,50,poison,9,57,1
Nidorino,0.9,61,55,55,65,poison,19.5,72,1
Nidoking,1.4,81,85,75,85,poison,62,102,1
Clefairy,0.6,70,60,65,35,fairy,7.5,45,1
Clefable,1.3,95,95,90,60,fairy,40,70,1
Vulpix,,38,50,65,65,fire,,41,1
Ninetales,,73,81,100,109,fire,,67,1
Jigglypuff,0.5,115,45,25,20,normal,5.5,45,1
Wigglytuff,1,140,85,50,45,normal,12,70,1
Zubat,0.8,40,30,40,55,poison,7.5,45,1
Golbat,1.6,75,65,75,90,poison,55,80,1
Oddish,0.5,45,75,65,30,grass,5.4,50,1
Gloom,0.8,60,85,75,40,grass,8.6,65,1
Vileplume,1.2,75,110,90,50,grass,18.6,80,1
Paras,0.3,35,45,55,25,bug,5.4,70,1
Parasect,1,60,60,80,30,bug,29.5,95,1
Venonat,1,60,40,55,45,bug,30,55,1
Venomoth,1.5,70,90,75,90,bug,12.5,65,1
Diglett,,10,35,45,90,ground,,55,1
Dugtrio,,35,50,70,110,ground,,100,1
Meowth,,40,50,40,90,normal,,35,1
Persian,,65,75,65,115,normal,,60,1
Psyduck,0.8,50,65,50,55,water,19.6,52,1
Golduck,1.7,80,95,80,85,water,76.6,82,1
Mankey,0.5,40,35,45,70,fighting,28,80,1
Primeape,1,65,60,70,95,fighting,32,105,1
Growlithe,0.7,55,70,50,60,fire,19,70,1
Arcanine,1.9,90,100,80,95,fire,155,110,1
Poliwag,0.6,40,40,40,90,water,12.4,50,1
Poliwhirl,1,65,50,50,90,water,20,65,1
Poliwrath,1.3,90,70,90,70,water,54,95,1
Abra,0.9,25,105,55,90,psychic,19.5,20,1
Kadabra,1.3,40,120,70,105,psychic,56.5,35,1
Alakazam,1.5,55,175,105,150,psychic,48,50,1
Machop,0.8,70,35,35,35,fighting,19.5,80,1
Machoke,1.5,80,50,60,45,fighting,70.5,100,1
Machamp,1.6,90,65,85,55,fighting,130,130,1
Bellsprout,0.7,50,70,30,40,grass,4,75,1
Weepinbell,1,65,85,45,55,grass,6.4,90,1
Victreebel,1.7,80,100,70,70,grass,15.5,105,1
Tentacool,0.9,40,50,100,70,water,45.5,40,1
Tentacruel,1.6,80,80,120,100,water,55,70,1
Geodude,,40,30,30,20,rock,,80,1
Graveler,,55,45,45,35,rock,,95,1
Golem,,80,55,65,45,rock,,120,1
Ponyta,1,50,65,65,90,fire,30,85,1
Rapidash,1.7,65,80,80,105,fire,95,100,1
Slowpoke,1.2,90,40,40,15,water,36,65,1
Slowbro,1.6,95,130,80,30,water,78.5,75,1
Magnemite,0.3,25,95,55,45,electric,6,35,1
Magneton,1,50,120,70,70,electric,60,60,1
Farfetch'd,0.8,52,58,62,60,normal,15,90,1
Doduo,1.4,35,35,35,75,normal,39.2,85,1
Dodrio,1.8,60,60,60,110,normal,85.2,110,1
Seel,1.1,65,45,70,45,water,90,45,1
Dewgong,1.7,90,70,95,70,water,120,70,1
Grimer,,80,40,50,25,poison,,80,1
Muk,,105,65,100,50,poison,,105,1
Shellder,0.3,30,45,25,40,water,4,65,1
Cloyster,1.5,50,85,45,70,water,132.5,95,1
Gastly,1.3,30,100,35,80,ghost,0.1,35,1
Haunter,1.6,45,115,55,95,ghost,0.1,50,1
Gengar,1.5,60,170,95,130,ghost,40.5,65,1
Onix,8.8,35,30,45,70,rock,210,45,1
Drowzee,1,60,43,90,42,psychic,32.4,48,1
Hypno,1.6,85,73,115,67,psychic,75.6,73,1
Krabby,0.4,30,25,25,50,water,6.5,105,1
Kingler,1.3,55,50,50,75,water,60,130,1
Voltorb,0.5,40,55,55,100,electric,10.4,30,1
Electrode,1.2,60,80,80,150,electric,66.6,50,1
Exeggcute,0.4,60,60,45,40,grass,2.5,40,1
Exeggutor,,95,125,75,45,grass,,105,1
Cubone,0.4,50,40,50,35,ground,6.5,50,1
Marowak,,60,50,80,45,ground,,80,1
Hitmonlee,1.5,50,35,110,87,fighting,49.8,120,1
Hitmonchan,1.4,50,35,110,76,fighting,50.2,105,1
Lickitung,1.2,90,60,75,30,normal,65.5,55,1
Koffing,0.6,40,60,45,35,poison,1,65,1
Weezing,1.2,65,85,70,60,poison,9.5,90,1
Rhyhorn,1,80,30,30,25,ground,115,85,1
Rhydon,1.9,105,45,45,40,ground,120,130,1
Chansey,1.1,250,35,105,50,normal,34.6,5,1
Tangela,1,65,100,40,60,grass,35,55,1
Kangaskhan,2.2,105,60,100,100,normal,80,125,1
Horsea,0.4,30,70,25,60,water,8,40,1
Seadra,1.2,55,95,45,85,water,25,65,1
Goldeen,0.6,45,35,50,63,water,15,67,1
Seaking,1.3,80,65,80,68,water,39,92,1
Staryu,0.8,30,70,55,85,water,34.5,45,1
Starmie,1.1,60,100,85,115,water,80,75,1
Mr. Mime,1.3,40,100,120,90,psychic,54.5,45,1
Scyther,1.5,70,55,80,105,bug,56,110,1
Jynx,1.4,65,115,95,95,ice,40.6,50,1
Electabuzz,1.1,65,95,85,105,electric,30,83,1
Magmar,1.3,65,100,85,93,fire,44.5,95,1
Pinsir,1.5,65,65,90,105,bug,55,155,1
Tauros,1.4,75,40,70,110,normal,88.4,100,1
Magikarp,0.9,20,15,20,80,water,10,10,1
Gyarados,6.5,95,70,130,81,water,235,155,1
Lapras,2.5,130,85,95,60,water,220,85,1
Ditto,0.3,48,48,48,48,normal,4,48,1
Eevee,0.3,55,45,65,55,normal,6.5,55,1
Vaporeon,1,130,110,95,65,water,29,65,1
Jolteon,0.8,65,110,95,130,electric,24.5,65,1
Flareon,0.9,65,95,110,65,fire,25,130,1
Porygon,0.8,65,85,75,40,normal,36.5,60,1
Omanyte,0.4,35,90,55,35,rock,7.5,40,1
Omastar,1,70,115,70,55,rock,35,60,1
Kabuto,0.5,30,55,45,55,rock,11.5,80,1
Kabutops,1.3,60,65,70,80,rock,40.5,115,1
Aerodactyl,1.8,80,70,95,150,rock,59,135,1
Snorlax,2.1,160,65,110,30,normal,460,110,1
Articuno,1.7,90,95,125,85,ice,55.4,85,1
Zapdos,1.6,90,125,90,100,electric,52.6,90,1
Moltres,2,90,125,85,90,fire,60,100,1
Dratini,1.8,41,50,50,50,dragon,3.3,64,1
Dragonair,4,61,70,70,70,dragon,16.5,84,1
Dragonite,2.2,91,100,100,80,dragon,210,134,1
Mewtwo,2,106,194,120,140,psychic,122,150,1
Mew,0.4,100,100,100,100,psychic,4,100,1
Chikorita,0.9,45,49,65,45,grass,6.4,49,2
Bayleef,1.2,60,63,80,60,grass,15.8,62,2
Meganium,1.8,80,83,100,80,grass,100.5,82,2
Cyndaquil,0.5,39,60,50,65,fire,7.9,52,2
Quilava,0.9,58,80,65,80,fire,19,64,2
Typhlosion,1.7,78,109,85,100,fire,79.5,84,2
Totodile,0.6,50,44,48,43,water,9.5,65,2
Croconaw,1.1,65,59,63,58,water,25,80,2
Feraligatr,2.3,85,79,83,78,water,88.8,105,2
Sentret,0.8,35,35,45,20,normal,6,46,2
Furret,1.8,85,45,55,90,normal,32.5,76,2
Hoothoot,0.7,60,36,56,50,normal,21.2,30,2
Noctowl,1.6,100,86,96,70,normal,40.8,50,2
Ledyba,1,40,40,80,55,bug,10.8,20,2
Ledian,1.4,55,55,110,85,bug,35.6,35,2
Spinarak,0.5,40,40,40,30,bug,8.5,60,2
Ariados,1.1,70,60,70,40,bug,33.5,90,2
Crobat,1.8,85,70,80,130,poison,75,90,2
Chinchou,0.5,75,56,56,67,water,12,38,2
Lanturn,1.2,125,76,76,67,water,22.5,58,2
Pichu,0.3,20,35,35,60,electric,2,40,2
Cleffa,0.3,50,45,55,15,fairy,3,25,2
Igglybuff,0.3,90,40,20,15,normal,1,30,2
Togepi,0.3,35,40,65,20,fairy,1.5,20,2
Togetic,0.6,55,80,105,40,fairy,3.2,40,2
Natu,0.2,40,70,45,70,psychic,2,50,2
Xatu,1.5,65,95,70,95,psychic,15,75,2
Mareep,0.6,55,65,45,35,electric,7.8,40,2
Flaaffy,0.8,70,80,60,45,electric,13.3,55,2
Ampharos,1.4,90,165,110,45,electric,61.5,95,2
Bellossom,0.4,75,90,100,50,grass,5.8,80,2
Marill,0.4,70,20,50,40,water,8.5,20,2
Azumarill,0.8,100,60,80,50,water,28.5,50,2
Sudowoodo,1.2,70,30,65,30,rock,38,100,2
Politoed,1.1,90,90,100,70,water,33.9,75,2
Hoppip,0.4,35,35,55,50,grass,0.5,35,2
Skiploom,0.6,55,45,65,80,grass,1,45,2
Jumpluff,0.8,75,55,95,110,grass,3,55,2
Aipom,0.8,55,40,55,85,normal,11.5,70,2
Sunkern,0.3,30,30,30,30,grass,1.8,30,2
Sunflora,0.8,75,105,85,30,grass,8.5,75,2
Yanma,1.2,65,75,45,95,bug,38,65,2
Wooper,0.4,55,25,25,15,water,8.5,45,2
Quagsire,1.4,95,65,65,35,water,75,85,2
Espeon,0.9,65,130,95,110,psychic,26.5,65,2
Umbreon,1,95,60,130,65,dark,27,65,2
Murkrow,0.5,60,85,42,91,dark,2.1,85,2
Slowking,2,95,100,110,30,water,79.5,75,2
Misdreavus,0.7,60,85,85,85,ghost,1,60,2
Unown,0.5,48,72,48,48,psychic,5,72,2
Wobbuffet,1.3,190,33,58,33,psychic,28.5,33,2
Girafarig,1.5,70,90,65,85,normal,41.5,80,2
Pineco,0.6,50,35,35,15,bug,7.2,65,2
Forretress,1.2,75,60,60,40,bug,125.8,90,2
Dunsparce,1.5,100,65,65,45,normal,14,70,2
Gligar,1.1,65,35,65,85,ground,64.8,75,2
Steelix,9.2,75,55,95,30,steel,400,125,2
Snubbull,0.6,60,40,40,30,fairy,7.8,80,2
Granbull,1.4,90,60,60,45,fairy,48.7,120,2
Qwilfish,0.5,65,55,55,85,water,3.9,95,2
Scizor,1.8,70,65,100,75,bug,118,150,2
Shuckle,0.6,20,10,230,5,bug,20.5,10,2
Heracross,1.5,80,40,105,75,bug,54,185,2
Sneasel,0.9,55,35,75,115,dark,28,95,2
Teddiursa,0.6,60,50,50,40,normal,8.8,80,2
Ursaring,1.8,90,75,75,55,normal,125.8,130,2
Slugma,0.7,40,70,40,20,fire,35,40,2
Magcargo,0.8,60,90,80,30,fire,55,50,2
Swinub,0.4,50,30,30,50,ice,6.5,50,2
Piloswine,1.1,100,60,60,50,ice,55.8,100,2
Corsola,0.6,65,65,95,35,water,5,55,2
Remoraid,0.6,35,65,35,65,water,12,65,2
Octillery,0.9,75,105,75,45,water,28.5,105,2
Delibird,0.9,45,65,45,75,ice,16,55,2
Mantine,2.1,85,80,140,70,water,220,40,2
Skarmory,1.7,65,40,70,70,steel,50.5,80,2
Houndour,0.6,45,80,50,65,dark,10.8,60,2
Houndoom,1.4,75,140,90,115,dark,35,90,2
Kingdra,1.8,75,95,95,85,water,152,95,2
Phanpy,0.5,90,40,40,40,ground,33.5,60,2
Donphan,1.1,90,60,60,50,ground,120,120,2
Porygon2,0.6,85,105,95,60,normal,32.5,80,2
Stantler,1.4,73,85,65,85,normal,71.2,95,2
Smeargle,1.2,55,20,45,75,normal,58,20,2
Tyrogue,0.7,35,35,35,35,fighting,21,35,2
Hitmontop,1.4,50,35,110,70,fighting,48,95,2
Smoochum,0.4,45,85,65,65,ice,6,30,2
Elekid,0.6,45,65,55,95,electric,23.5,63,2
Magby,0.7,45,70,55,83,fire,21.4,75,2
Miltank,1.2,95,40,70,100,normal,75.5,80,2
Blissey,1.5,255,75,135,55,normal,46.8,10,2
Raikou,1.9,90,115,100,115,electric,178,85,2
Entei,2.1,115,90,75,100,fire,198,115,2
Suicune,2,100,90,115,85,water,187,75,2
Larvitar,0.6,50,45,50,41,rock,72,64,2
Pupitar,1.2,70,65,70,51,rock,152,84,2
Tyranitar,2,100,95,120,71,rock,202,164,2
Lugia,5.2,106,90,154,110,psychic,216,90,2
Ho-Oh,3.8,106,110,154,90,fire,199,130,2
Celebi,0.6,100,100,100,100,psychic,5,100,2
Treecko,0.5,40,65,55,70,grass,5,45,3
Grovyle,0.9,50,85,65,95,grass,21.6,65,3
Sceptile,1.7,70,145,85,145,grass,52.2,110,3
Torchic,0.4,45,70,50,45,fire,2.5,60,3
Combusken,0.9,60,85,60,55,fire,19.5,85,3
Blaziken,1.9,80,130,80,100,fire,52,160,3
Mudkip,0.4,50,50,50,40,water,7.6,70,3
Marshtomp,0.7,70,60,70,50,water,28,85,3
Swampert,1.5,100,95,110,70,water,81.9,150,3
Poochyena,0.5,35,30,30,35,dark,13.6,55,3
Mightyena,1,70,60,60,70,dark,37,90,3
Zigzagoon,0.4,38,30,41,60,normal,17.5,30,3
Linoone,0.5,78,50,61,100,normal,32.5,70,3
Wurmple,0.3,45,20,30,20,bug,3.6,45,3
Silcoon,0.6,50,25,25,15,bug,10,35,3
Beautifly,1,60,100,50,65,bug,28.4,70,3
Cascoon,0.7,50,25,25,15,bug,11.5,35,3
Dustox,1.2,60,50,90,65,bug,31.6,50,3
Lotad,0.5,40,40,50,30,water,2.6,30,3
Lombre,1.2,60,60,70,50,water,32.5,50,3
Ludicolo,1.5,80,90,100,70,water,55,70,3
Seedot,0.5,40,30,30,30,grass,4,40,3
Nuzleaf,1,70,60,40,60,grass,28,70,3
Shiftry,1.3,90,90,60,80,grass,59.6,100,3
Taillow,0.3,40,30,30,85,normal,2.3,55,3
Swellow,0.7,60,75,50,125,normal,19.8,85,3
Wingull,0.6,40,55,30,85,water,9.5,30,3
Pelipper,1.2,60,95,70,65,water,28,50,3
Ralts,0.4,28,45,35,40,psychic,6.6,25,3
Kirlia,0.8,38,65,55,50,psychic,20.2,35,3
Gardevoir,1.6,68,165,135,100,psychic,48.4,85,3
Surskit,0.5,40,50,52,65,bug,1.7,30,3
Masquerain,0.8,70,100,82,80,bug,3.6,60,3
Shroomish,0.4,60,40,60,35,grass,4.5,40,3
Breloom,1.2,60,60,60,70,grass,39.2,130,3
Slakoth,0.8,60,35,35,30,normal,24,60,3
Vigoroth,1.4,80,55,55,90,normal,46.5,80,3
Slaking,2,150,95,65,100,normal,130.5,160,3
Nincada,0.5,31,30,30,40,bug,5.5,45,3
Ninjask,0.8,61,50,50,160,bug,12,90,3
Shedinja,0.8,1,30,30,40,bug,1.2,90,3
Whismur,0.6,64,51,23,28,normal,16.3,51,3
Loudred,1,84,71,43,48,normal,40.5,71,3
Exploud,1.5,104,91,73,68,normal,84,91,3
Makuhita,1,72,20,30,25,fighting,86.4,60,3
Hariyama,2.3,144,40,60,50,fighting,253.8,120,3
Azurill,0.2,50,20,40,20,normal,2,20,3
Nosepass,1,30,45,90,30,rock,97,45,3
Skitty,0.6,50,35,35,50,normal,11,45,3
Delcatty,1.1,70,55,55,90,normal,32.6,65,3
Sableye,0.5,50,85,115,20,dark,11,85,3
Mawile,0.6,50,55,95,50,steel,11.5,105,3
Aron,0.4,50,40,40,30,steel,60,70,3
Lairon,0.9,60,50,50,40,steel,120,90,3
Aggron,2.1,70,60,80,50,steel,360,140,3
Meditite,0.6,30,40,55,60,fighting,11.2,40,3
Medicham,1.3,60,80,85,100,fighting,31.5,100,3
Electrike,0.6,40,65,40,65,electric,15.2,45,3
Manectric,1.5,70,135,80,135,electric,40.2,75,3
Plusle,0.4,60,85,75,95,electric,4.2,50,3
Minun,0.4,60,75,85,95,electric,4.2,40,3
Volbeat,0.7,65,47,85,85,bug,17.7,73,3
Illumise,0.6,65,73,85,85,bug,17.7,47,3
Roselia,0.3,50,100,80,65,grass,2,60,3
Gulpin,0.4,70,43,53,40,poison,10.3,43,3
Swalot,1.7,100,73,83,55,poison,80,73,3
Carvanha,0.8,45,65,20,65,water,20.8,90,3
Sharpedo,1.8,70,110,65,105,water,88.8,140,3
Wailmer,2,130,70,35,60,water,130,70,3
Wailord,14.5,170,90,45,60,water,398,90,3
Numel,0.7,60,65,45,35,fire,24,60,3
Camerupt,1.9,70,145,105,20,fire,220,120,3
Torkoal,0.5,70,85,70,20,fire,80.4,85,3
Spoink,0.7,60,70,80,60,psychic,30.6,25,3
Grumpig,0.9,80,90,110,80,psychic,71.5,45,3
Spinda,1.1,60,60,60,60,normal,5,60,3
Trapinch,0.7,45,45,45,10,ground,15,100,3
Vibrava,1.1,50,50,50,70,ground,15.3,70,3
Flygon,2,80,80,80,100,ground,82,100,3
Cacnea,0.4,50,85,40,35,grass,51.3,85,3
Cacturne,1.3,70,115,60,55,grass,77.4,115,3
Swablu,0.4,45,40,75,50,normal,1.2,40,3
Altaria,1.1,75,110,105,80,dragon,20.6,110,3
Zangoose,1.3,73,60,60,90,normal,40.3,115,3
Seviper,2.7,73,100,60,65,poison,52.5,100,3
Lunatone,1,90,95,85,70,rock,168,55,3
Solrock,1.2,90,55,65,70,rock,154,95,3
Barboach,0.4,50,46,41,60,water,1.9,48,3
Whiscash,0.9,110,76,71,60,water,23.6,78,3
Corphish,0.6,43,50,35,35,water,11.5,80,3
Crawdaunt,1.1,63,90,55,55,water,32.8,120,3
Baltoy,0.5,40,40,70,55,ground,21.5,40,3
Claydol,1.5,60,70,120,75,ground,108,70,3
Lileep,1,66,61,87,23,rock,23.8,41,3
Cradily,1.5,86,81,107,43,rock,60.4,81,3
Anorith,0.7,45,40,50,75,rock,12.5,95,3
Armaldo,1.5,75,70,80,45,rock,68.2,125,3
Feebas,0.6,20,10,55,80,water,7.4,15,3
Milotic,6.2,95,100,125,81,water,162,60,3
Castform,0.3,70,70,70,70,normal,0.8,70,3
Kecleon,1,60,60,120,40,normal,22,90,3
Shuppet,0.6,44,63,33,45,ghost,2.3,75,3
Banette,1.1,64,93,83,75,ghost,12.5,165,3
Duskull,0.8,20,30,90,25,ghost,15,40,3
Dusclops,1.6,40,60,130,25,ghost,30.6,70,3
Tropius,2,99,72,87,51,grass,100,68,3
Chimecho,0.6,75,95,90,65,psychic,1,50,3
Absol,1.2,65,115,60,115,dark,47,150,3
Wynaut,0.6,95,23,48,23,psychic,14,23,3
Snorunt,0.7,50,50,50,50,ice,16.8,50,3
Glalie,1.5,80,120,80,100,ice,256.5,120,3
Spheal,0.8,70,55,50,25,ice,39.5,40,3
Sealeo,1.1,90,75,70,45,ice,87.6,60,3
Walrein,1.4,110,95,90,65,ice,150.6,80,3
Clamperl,0.4,35,74,55,32,water,52.5,64,3
Huntail,1.7,55,94,75,52,water,27,104,3
Gorebyss,1.8,55,114,75,52,water,22.6,84,3
Relicanth,1,100,45,65,55,water,23.4,90,3
Luvdisc,0.6,43,40,65,97,water,8.7,30,3
Bagon,0.6,45,40,30,50,dragon,42.1,75,3
Shelgon,1.1,65,60,50,50,dragon,110.5,95,3
Salamence,1.5,95,120,90,120,dragon,102.6,145,3
Beldum,0.6,40,35,60,30,steel,95.2,55,3
Metang,1.2,60,55,80,50,steel,202.5,75,3
Metagross,1.6,80,105,110,110,steel,550,145,3
Regirock,1.7,80,50,100,50,rock,230,100,3
Regice,1.8,80,100,200,50,ice,175,50,3
Registeel,1.9,80,75,150,50,steel,205,75,3
Latias,1.4,80,140,150,110,dragon,40,100,3
Latios,2,80,160,120,110,dragon,60,130,3
Kyogre,4.5,100,180,160,90,water,352,150,3
Groudon,3.5,100,150,90,90,ground,950,180,3
Rayquaza,7,105,180,100,115,dragon,206.5,180,3
Jirachi,0.3,100,100,100,100,steel,1.1,100,3
Deoxys,1.7,50,95,90,180,psychic,60.8,95,3
Turtwig,0.4,55,45,55,31,grass,10.2,68,4
Grotle,1.1,75,55,65,36,grass,97,89,4
Torterra,2.2,95,75,85,56,grass,310,109,4
Chimchar,0.5,44,58,44,61,fire,6.2,58,4
Monferno,0.9,64,78,52,81,fire,22,78,4
Infernape,1.2,76,104,71,108,fire,55,104,4
Piplup,0.4,53,61,56,40,water,5.2,51,4
Prinplup,0.8,64,81,76,50,water,23,66,4
Empoleon,1.7,84,111,101,60,water,84.5,86,4
Starly,0.3,40,30,30,60,normal,2,55,4
Staravia,0.6,55,40,40,80,normal,15.5,75,4
Staraptor,1.2,85,50,60,100,normal,24.9,120,4
Bidoof,0.5,59,35,40,31,normal,20,45,4
Bibarel,1,79,55,60,71,normal,31.5,85,4
Kricketot,0.3,37,25,41,25,bug,2.2,25,4
Kricketune,1,77,55,51,65,bug,25.5,85,4
Shinx,0.5,45,40,34,45,electric,9.5,65,4
Luxio,0.9,60,60,49,60,electric,30.5,85,4
Luxray,1.4,80,95,79,70,electric,42,120,4
Budew,0.2,40,50,70,55,grass,1.2,30,4
Roserade,0.9,60,125,105,90,grass,14.5,70,4
Cranidos,0.9,67,30,30,58,rock,31.5,125,4
Rampardos,1.6,97,65,50,58,rock,102.5,165,4
Shieldon,0.5,30,42,88,30,rock,57,42,4
Bastiodon,1.3,60,47,138,30,rock,149.5,52,4
Burmy,0.2,40,29,45,36,bug,3.4,29,4
Wormadam,0.5,60,69,95,36,bug,6.5,69,4
Mothim,0.9,70,94,50,66,bug,23.3,94,4
Combee,0.3,30,30,42,70,bug,5.5,30,4
Vespiquen,1.2,70,80,102,40,bug,38.5,80,4
Pachirisu,0.4,60,45,90,95,electric,3.9,45,4
Buizel,0.7,55,60,30,85,water,29.5,65,4
Floatzel,1.1,85,85,50,115,water,33.5,105,4
Cherubi,0.4,45,62,53,35,grass,3.3,35,4
Cherrim,0.5,70,87,78,85,grass,9.3,60,4
Shellos,0.3,76,57,62,34,water,6.3,48,4
Gastrodon,0.9,111,92,82,39,water,29.9,83,4
Ambipom,1.2,75,60,66,115,normal,20.3,100,4
Drifloon,0.4,90,60,44,70,ghost,1.2,50,4
Drifblim,1.2,150,90,54,80,ghost,15,80,4
Buneary,0.4,55,44,56,85,normal,5.5,66,4
Lopunny,1.2,65,54,96,135,normal,33.3,136,4
Mismagius,0.9,60,105,105,105,ghost,4.4,60,4
Honchkrow,0.9,100,105,52,71,dark,27.3,125,4
Glameow,0.5,49,42,37,85,normal,3.9,55,4
Purugly,1,71,64,59,112,normal,43.8,82,4
Chingling,0.2,45,65,50,45,psychic,0.6,30,4
Stunky,0.4,63,41,41,74,poison,19.2,63,4
Skuntank,1,103,71,61,84,poison,38,93,4
Bronzor,0.5,57,24,86,23,steel,60.5,24,4
Bronzong,1.3,67,79,116,33,steel,187,89,4
Bonsly,0.5,50,10,45,10,rock,15,80,4
Mime Jr.,0.6,20,70,90,60,psychic,13,25,4
Happiny,0.6,100,15,65,30,normal,24.4,5,4
Chatot,0.5,76,92,42,91,normal,1.9,65,4
Spiritomb,1,50,92,108,35,ghost,108,92,4
Gible,0.7,58,40,45,42,dragon,20.5,70,4
Gabite,1.4,68,50,55,82,dragon,56,90,4
Garchomp,1.9,108,120,95,92,dragon,95,170,4
Munchlax,0.6,135,40,85,5,normal,105,85,4
Riolu,0.7,40,35,40,60,fighting,20.2,70,4
Lucario,1.2,70,140,70,112,fighting,54,145,4
Hippopotas,0.8,68,38,42,32,ground,49.5,72,4
Hippowdon,2,108,68,72,47,ground,300,112,4
Skorupi,0.8,40,30,55,65,poison,12,50,4
Drapion,1.3,70,60,75,95,poison,61.5,90,4
Croagunk,0.7,48,61,40,50,poison,23,61,4
Toxicroak,1.3,83,86,65,85,poison,44.4,106,4
Carnivine,1.4,74,90,72,46,grass,27,100,4
Finneon,0.4,49,49,61,66,water,7,49,4
Lumineon,1.2,69,69,86,91,water,24,69,4
Mantyke,1,45,60,120,50,water,65,20,4
Snover,1,60,62,60,40,grass,50.5,62,4
Abomasnow,2.2,90,132,105,30,grass,135.5,132,4
Weavile,1.1,70,45,85,125,dark,34,120,4
Magnezone,1.2,70,130,90,60,electric,180,70,4
Lickilicky,1.7,110,80,95,50,normal,140,85,4
Rhyperior,2.4,115,55,55,40,ground,282.8,140,4
Tangrowth,2,100,110,50,50,grass,128.6,100,4
Electivire,1.8,75,95,85,95,electric,138.6,123,4
Magmortar,1.6,75,125,95,83,fire,68,95,4
Togekiss,1.5,85,120,115,80,fairy,38,50,4
Yanmega,1.9,86,116,56,95,bug,51.5,76,4
Leafeon,1,65,60,65,95,grass,25.5,110,4
Glaceon,0.8,65,130,95,65,ice,25.9,60,4
Gliscor,2,75,45,75,95,ground,42.5,95,4
Mamoswine,2.5,110,70,60,80,ice,291,130,4
Porygon-Z,0.9,85,135,75,90,normal,34,80,4
Gallade,1.6,68,65,115,110,psychic,52,165,4
Probopass,1.4,60,75,150,40,rock,340,55,4
Dusknoir,2.2,45,65,135,45,ghost,106.6,100,4
Froslass,1.3,70,80,70,110,ice,26.6,80,4
Rotom,0.3,50,105,107,86,electric,0.3,65,4
Uxie,0.3,75,75,130,95,psychic,0.3,75,4
Mesprit,0.3,80,105,105,80,psychic,0.3,105,4
Azelf,0.3,75,125,70,115,psychic,0.3,125,4
Dialga,5.4,100,150,100,90,steel,683,120,4
Palkia,4.2,90,150,120,100,water,336,120,4
Heatran,1.7,91,130,106,77,fire,430,90,4
Regigigas,3.7,110,80,110,100,normal,420,160,4
Giratina,4.5,150,120,100,90,ghost,750,120,4
Cresselia,1.5,120,75,130,85,psychic,85.6,70,4
Phione,0.4,80,80,80,80,water,3.1,80,4
Manaphy,0.3,100,100,100,100,water,1.4,100,4
Darkrai,1.5,70,135,90,125,dark,50.5,90,4
Shaymin,0.2,100,120,75,127,grass,2.1,103,4
Arceus,3.2,120,120,120,120,normal,320,120,4
Victini,0.4,100,100,100,100,psychic,4,100,5
Snivy,0.6,45,45,55,63,grass,8.1,45,5
Servine,0.8,60,60,75,83,grass,16,60,5
Serperior,3.3,75,75,95,113,grass,63,75,5
Tepig,0.5,65,45,45,45,fire,9.9,63,5
Pignite,1,90,70,55,55,fire,55.5,93,5
Emboar,1.6,110,100,65,65,fire,150,123,5
Oshawott,0.5,55,63,45,45,water,5.9,55,5
Dewott,0.8,75,83,60,60,water,24.5,75,5
Samurott,1.5,95,108,70,70,water,94.6,100,5
Patrat,0.5,45,35,39,42,normal,11.6,55,5
Watchog,1.1,60,60,69,77,normal,27,85,5
Lillipup,0.4,45,25,45,55,normal,4.1,60,5
Herdier,0.9,65,35,65,60,normal,14.7,80,5
Stoutland,1.2,85,45,90,80,normal,61,110,5
Purrloin,0.4,41,50,37,66,dark,10.1,50,5
Liepard,1.1,64,88,50,106,dark,37.5,88,5
Pansage,0.6,50,53,48,64,grass,10.5,53,5
Simisage,1.1,75,98,63,101,grass,30.5,98,5
Pansear,0.6,50,53,48,64,fire,11,53,5
Simisear,1,75,98,63,101,fire,28,98,5
Panpour,0.6,50,53,48,64,water,13.5,53,5
Simipour,1,75,98,63,101,water,29,98,5
Munna,0.6,76,67,55,24,psychic,23.3,25,5
Musharna,1.1,116,107,95,29,psychic,60.5,55,5
Pidove,0.3,50,36,30,43,normal,2.1,55,5
Tranquill,0.6,62,50,42,65,normal,15,77,5
Unfezant,1.2,80,65,55,93,normal,29,115,5
Blitzle,0.8,45,50,32,76,electric,29.8,60,5
Zebstrika,1.6,75,80,63,116,electric,79.5,100,5
Roggenrola,0.4,55,25,25,15,rock,18,75,5
Boldore,0.9,70,50,40,20,rock,102,105,5
Gigalith,1.7,85,60,80,25,rock,260,135,5
Woobat,0.4,65,55,43,72,psychic,2.1,45,5
Swoobat,0.9,67,77,55,114,psychic,10.5,57,5
Drilbur,0.3,60,30,45,68,ground,8.5,85,5
Excadrill,0.7,110,50,65,88,ground,40.4,135,5
Audino,1.1,103,80,126,50,normal,31,60,5
Timburr,0.6,75,25,35,35,fighting,12.5,80,5
Gurdurr,1.2,85,40,50,40,fighting,40,105,5
Conkeldurr,1.4,105,55,65,45,fighting,87,140,5
Tympole,0.5,50,50,40,64,water,4.5,50,5
Palpitoad,0.8,75,65,55,69,water,17,65,5
Seismitoad,1.5,105,85,75,74,water,62,95,5
Throh,1.3,120,30,85,45,fighting,55.5,100,5
Sawk,1.4,75,30,75,85,fighting,51,125,5
Sewaddle,0.3,45,40,60,42,bug,2.5,53,5
Swadloon,0.5,55,50,80,42,bug,7.3,63,5
Leavanny,1.2,75,70,80,92,bug,20.5,103,5
Venipede,0.4,30,30,39,57,bug,5.3,45,5
Whirlipede,1.2,40,40,79,47,bug,58.5,55,5
Scolipede,2.5,60,55,69,112,bug,200.5,100,5
Cottonee,0.3,40,37,50,66,grass,0.6,27,5
Whimsicott,0.7,60,77,75,116,grass,6.6,67,5
Petilil,0.5,45,70,50,30,grass,6.6,35,5
Lilligant,1.1,70,110,75,90,grass,16.3,60,5
Basculin,1,70,80,55,98,water,18,92,5
Sandile,0.7,50,35,35,65,ground,15.2,72,5
Krokorok,1,60,45,45,74,ground,33.4,82,5
Krookodile,1.5,95,65,70,92,ground,96.3,117,5
Darumaka,0.6,70,15,45,50,fire,37.5,90,5
Darmanitan,1.3,105,140,105,55,fire,92.9,30,5
Maractus,1,75,106,67,60,grass,28,86,5
Dwebble,0.3,50,35,35,55,bug,14.5,65,5
Crustle,1.4,70,65,75,45,bug,200,105,5
Scraggy,0.6,50,35,70,48,dark,11.8,75,5
Scrafty,1.1,65,45,115,58,dark,30,90,5
Sigilyph,1.4,72,103,80,97,psychic,14,58,5
Yamask,0.5,38,55,65,30,ghost,1.5,30,5
Cofagrigus,1.7,58,95,105,30,ghost,76.5,50,5
Tirtouga,0.7,54,53,45,22,water,16.5,78,5
Carracosta,1.2,74,83,65,32,water,81,108,5
Archen,0.5,55,74,45,70,rock,9.5,112,5
Archeops,1.4,75,112,65,110,rock,32,140,5
Trubbish,0.6,50,40,62,65,poison,31,50,5
Garbodor,1.9,80,60,82,75,poison,107.3,95,5
Zorua,0.7,40,80,40,65,dark,12.5,65,5
Zoroark,1.6,60,120,60,105,dark,81.1,105,5
Minccino,0.4,55,40,40,75,normal,5.8,50,5
Cinccino,0.5,75,65,60,115,normal,7.5,95,5
Gothita,0.4,45,55,65,45,psychic,5.8,30,5
Gothorita,0.7,60,75,85,55,psychic,18,45,5
Gothitelle,1.5,70,95,110,65,psychic,44,55,5
Solosis,0.3,45,105,50,20,psychic,1,30,5
Duosion,0.6,65,125,60,30,psychic,8,40,5
Reuniclus,1,110,125,85,30,psychic,20.1,65,5
Ducklett,0.5,62,44,50,55,water,5.5,44,5
Swanna,1.3,75,87,63,98,water,24.2,87,5
Vanillite,0.4,36,65,60,44,ice,5.7,50,5
Vanillish,1.1,51,80,75,59,ice,41,65,5
Vanilluxe,1.3,71,110,95,79,ice,57.5,95,5
Deerling,0.6,60,40,50,75,normal,19.5,60,5
Sawsbuck,1.9,80,60,70,95,normal,92.5,100,5
Emolga,0.4,55,75,60,103,electric,5,75,5
Karrablast,0.5,50,40,45,60,bug,5.9,75,5
Escavalier,1,70,60,105,20,bug,33,135,5
Foongus,0.2,69,55,55,15,grass,1,55,5
Amoonguss,0.6,114,85,80,30,grass,10.5,85,5
Frillish,1.2,55,65,85,40,water,33,40,5
Jellicent,2.2,100,85,105,60,water,135,60,5
Alomomola,1.2,165,40,45,65,water,31.6,75,5
Joltik,0.1,50,57,50,65,bug,0.6,47,5
Galvantula,0.8,70,97,60,108,bug,14.3,77,5
Ferroseed,0.6,44,24,86,10,grass,18.8,50,5
Ferrothorn,1,74,54,116,20,grass,110,94,5
Klink,0.3,40,45,60,30,steel,21,55,5
Klang,0.6,60,70,85,50,steel,51,80,5
Klinklang,0.6,60,70,85,90,steel,81,100,5
Tynamo,0.2,35,45,40,60,electric,0.3,55,5
Eelektrik,1.2,65,75,70,40,electric,22,85,5
Eelektross,2.1,85,105,80,50,electric,80.5,115,5
Elgyem,0.5,55,85,55,30,psychic,9,55,5
Beheeyem,1,75,125,95,40,psychic,34.5,75,5
Litwick,0.3,50,65,55,20,ghost,3.1,30,5
Lampent,0.6,60,95,60,55,ghost,13,40,5
Chandelure,1,60,145,90,80,ghost,34.3,55,5
Axew,0.6,46,30,40,57,dragon,18,87,5
Fraxure,1,66,40,50,67,dragon,36,117,5
Haxorus,1.8,76,60,70,97,dragon,105.5,147,5
Cubchoo,0.5,55,60,40,40,ice,8.5,70,5
Beartic,2.6,95,70,80,50,ice,260,130,5
Cryogonal,1.1,80,95,135,105,ice,148,50,5
Shelmet,0.4,50,40,65,25,bug,7.7,40,5
Accelgor,0.8,80,100,60,145,bug,25.3,70,5
Stunfisk,0.7,109,81,99,32,ground,11,66,5
Mienfoo,0.9,45,55,50,65,fighting,20,85,5
Mienshao,1.4,65,95,60,105,fighting,35.5,125,5
Druddigon,1.6,77,60,90,48,dragon,139,120,5
Golett,1,59,35,50,35,ground,92,74,5
Golurk,2.8,89,55,80,55,ground,330,124,5
Pawniard,0.5,45,40,40,60,dark,10.2,85,5
Bisharp,1.6,65,60,70,70,dark,70,125,5
Bouffalant,1.6,95,40,95,55,normal,94.6,110,5
Rufflet,0.5,70,37,50,60,normal,10.5,83,5
Braviary,1.5,100,57,75,80,normal,41,123,5
Vullaby,0.5,70,45,65,60,dark,9,55,5
Mandibuzz,1.2,110,55,95,80,dark,39.5,65,5
Heatmor,1.4,85,105,66,65,fire,58,97,5
Durant,0.3,58,48,48,109,bug,33,109,5
Deino,0.8,52,45,50,38,dark,17.3,65,5
Zweilous,1.4,72,65,70,58,dark,50,85,5
Hydreigon,1.8,92,125,90,98,dark,160,105,5
Larvesta,1.1,55,50,55,60,bug,28.8,85,5
Volcarona,1.6,85,135,105,100,bug,46,60,5
Cobalion,2.1,91,90,72,108,steel,250,90,5
Terrakion,1.9,91,72,90,108,rock,260,129,5
Virizion,2,91,90,129,108,grass,200,90,5
Tornadus,1.5,79,110,90,121,flying,63,100,5
Thundurus,1.5,79,145,80,101,electric,61,105,5
Reshiram,3.2,100,150,120,90,dragon,330,120,5
Zekrom,2.9,100,120,100,90,dragon,345,150,5
Landorus,1.5,89,105,80,91,ground,68,145,5
Kyurem,3,125,170,100,95,dragon,325,120,5
Keldeo,1.4,91,129,90,108,water,48.5,72,5
Meloetta,0.6,100,77,77,128,normal,6.5,128,5
Genesect,1.5,71,120,95,99,bug,82.5,120,5
Chespin,0.4,56,48,45,38,grass,9,61,6
Quilladin,0.7,61,56,58,57,grass,29,78,6
Chesnaught,1.6,88,74,75,64,grass,90,107,6
Fennekin,0.4,40,62,60,60,fire,9.4,45,6
Braixen,1,59,90,70,73,fire,14.5,59,6
Delphox,1.5,75,114,100,104,fire,39,69,6
Froakie,0.3,41,62,44,71,water,7,56,6
Frogadier,0.6,54,83,56,97,water,10.9,63,6
Greninja,1.5,72,153,71,132,water,40,145,6
Bunnelby,0.4,38,32,36,57,normal,5,36,6
Diggersby,1,85,50,77,78,normal,42.4,56,6
Fletchling,0.3,45,40,38,62,normal,1.7,50,6
Fletchinder,0.7,62,56,52,84,fire,16,73,6
Talonflame,1.2,78,74,69,126,fire,24.5,81,6
Scatterbug,0.3,38,27,25,35,bug,2.5,35,6
Spewpa,0.3,45,27,30,29,bug,8.4,22,6
Vivillon,1.2,80,90,50,89,bug,17,52,6
Litleo,0.6,62,73,54,72,fire,13.5,50,6
Pyroar,1.5,86,109,66,106,fire,81.5,68,6
Flabébé,0.1,44,61,79,42,fairy,0.1,38,6
Floette,0.2,74,125,128,92,fairy,0.9,65,6
Florges,1.1,78,112,154,75,fairy,10,65,6
Skiddo,0.9,66,62,57,52,grass,31,65,6
Gogoat,1.7,123,97,81,68,grass,91,100,6
Pancham,0.6,67,46,48,43,fighting,8,82,6
Pangoro,2.1,95,69,71,58,fighting,136,124,6
Furfrou,1.2,75,65,90,102,normal,28,80,6
Espurr,0.3,62,63,60,68,psychic,3.5,48,6
Meowstic,0.6,74,83,81,104,psychic,8.5,48,6
Honedge,0.8,45,35,37,28,steel,2,80,6
Doublade,0.8,59,45,49,35,steel,4.5,110,6
Aegislash,1.7,60,150,50,60,steel,53,150,6
Spritzee,0.2,78,63,65,23,fairy,0.5,52,6
Aromatisse,0.8,101,99,89,29,fairy,15.5,72,6
Swirlix,0.4,62,59,57,49,fairy,3.5,48,6
Slurpuff,0.8,82,85,75,72,fairy,5,80,6
Inkay,0.4,53,37,46,45,dark,3.5,54,6
Malamar,1.5,86,68,75,73,dark,47,92,6
Binacle,0.5,42,39,56,50,rock,31,52,6
Barbaracle,1.3,72,54,86,68,rock,96,105,6
Skrelp,0.5,50,60,60,30,poison,7.3,60,6
Dragalge,1.8,65,97,123,44,poison,81.5,75,6
Clauncher,0.5,50,58,63,44,water,8.3,53,6
Clawitzer,1.3,71,120,89,59,water,35.3,73,6
Helioptile,0.5,44,61,43,70,electric,6,38,6
Heliolisk,1,62,109,94,109,electric,21,55,6
Tyrunt,0.8,58,45,45,48,rock,26,89,6
Tyrantrum,2.5,82,69,59,71,rock,270,121,6
Amaura,1.3,77,67,63,46,rock,25.2,59,6
Aurorus,2.7,123,99,92,58,rock,225,77,6
Sylveon,1,95,110,130,60,fairy,23.5,65,6
Hawlucha,0.8,78,74,63,118,fighting,21.5,92,6
Dedenne,0.2,67,81,67,101,electric,2.2,58,6
Carbink,0.3,50,50,150,50,rock,5.7,50,6
Goomy,0.3,45,55,75,40,dragon,2.8,50,6
Sliggoo,0.8,68,83,113,60,dragon,17.5,75,6
Goodra,2,90,110,150,80,dragon,150.5,100,6
Klefki,0.2,57,80,87,75,steel,3,80,6
Phantump,0.4,43,50,60,38,ghost,7,70,6
Trevenant,1.5,85,65,82,56,ghost,71,110,6
Pumpkaboo,0.8,59,44,55,41,ghost,15,66,6
Gourgeist,1.7,85,58,75,54,ghost,39,100,6
Bergmite,1,55,32,35,28,ice,99.5,69,6
Avalugg,2,95,44,46,28,ice,505,117,6
Noibat,0.5,40,45,40,55,flying,8,30,6
Noivern,1.5,85,97,80,123,flying,85,70,6
Xerneas,3,126,131,98,99,fairy,215,131,6
Yveltal,5.8,126,131,98,99,dark,203,131,6
Zygarde,5,216,91,95,85,dragon,284.6,100,6
Diancie,0.7,50,160,110,110,rock,8.8,160,6
Hoopa,,80,170,130,80,psychic,,160,6
Volcanion,1.7,80,130,90,70,fire,195,110,6
Rowlet,0.3,68,50,50,42,grass,1.5,55,7
Dartrix,0.7,78,70,70,52,grass,16,75,7
Decidueye,1.6,78,100,100,70,grass,36.6,107,7
Litten,0.4,45,60,40,70,fire,4.3,65,7
Torracat,0.7,65,80,50,90,fire,25,85,7
Incineroar,1.8,95,80,90,60,fire,83,115,7
Popplio,0.4,50,66,56,40,water,7.5,54,7
Brionne,0.6,60,91,81,50,water,17.5,69,7
Primarina,1.8,80,126,116,60,water,44,74,7
Pikipek,0.3,35,30,30,65,normal,1.2,75,7
Trumbeak,0.6,55,40,50,75,normal,14.8,85,7
Toucannon,1.1,80,75,75,60,normal,26,120,7
Yungoos,0.4,48,30,30,45,normal,6,70,7
Gumshoos,0.7,88,55,60,45,normal,14.2,110,7
Grubbin,0.4,47,55,45,46,bug,4.4,62,7
Charjabug,0.5,57,55,75,36,bug,10.5,82,7
Vikavolt,1.5,77,145,75,43,bug,45,70,7
Crabrawler,0.6,47,42,47,63,fighting,7,82,7
Crabominable,1.7,97,62,67,43,fighting,180,132,7
Oricorio,0.6,75,98,70,93,fire,3.4,70,7
Cutiefly,0.1,40,55,40,84,bug,0.2,45,7
Ribombee,0.2,60,95,70,124,bug,0.5,55,7
Rockruff,0.5,45,30,40,60,rock,9.2,65,7
Lycanroc,,85,55,75,82,rock,,115,7
Wishiwashi,0.2,45,140,135,30,water,0.3,140,7
Mareanie,0.4,50,43,52,45,poison,8,53,7
Toxapex,0.7,50,53,142,35,poison,14.5,63,7
Mudbray,1,70,45,55,45,ground,110,100,7
Mudsdale,2.5,100,55,85,35,ground,920,125,7
Dewpider,0.3,38,40,72,27,water,4,40,7
Araquanid,1.8,68,50,132,42,water,82,70,7
Fomantis,0.3,40,50,35,35,grass,1.5,55,7
Lurantis,0.9,70,80,90,45,grass,18.5,105,7
Morelull,0.2,40,65,75,15,grass,1.5,35,7
Shiinotic,1,60,90,100,30,grass,11.5,45,7
Salandit,0.6,48,71,40,77,poison,4.8,44,7
Salazzle,1.2,68,111,60,117,poison,22.2,64,7
Stufful,0.5,70,45,50,50,normal,6.8,75,7
Bewear,2.1,120,55,60,60,normal,135,125,7
Bounsweet,0.3,42,30,38,32,grass,3.2,30,7
Steenee,0.7,52,40,48,62,grass,8.2,40,7
Tsareena,1.2,72,50,98,72,grass,21.4,120,7
Comfey,0.1,51,82,110,100,fairy,0.3,52,7
Oranguru,1.5,90,90,110,60,normal,76,60,7
Passimian,2,100,40,60,80,fighting,82.8,120,7
Wimpod,0.5,25,20,30,80,bug,12,35,7
Golisopod,2,75,60,90,40,bug,108,125,7
Sandygast,0.5,55,70,45,15,ghost,70,55,7
Palossand,1.3,85,100,75,35,ghost,250,75,7
Pyukumuku,0.3,55,30,130,5,water,1.2,60,7
Type: Null,1.9,95,95,95,59,normal,120.5,95,7
Silvally,2.3,95,95,95,95,normal,100.5,95,7
Minior,0.3,60,100,60,120,rock,40,100,7
Komala,0.4,65,75,95,65,normal,19.9,115,7
Turtonator,2,60,91,85,36,fire,212,78,7
Togedemaru,0.3,65,40,73,96,electric,3.3,98,7
Mimikyu,0.2,55,50,105,96,ghost,0.7,90,7
Bruxish,0.9,68,70,70,92,water,19,105,7
Drampa,3,78,135,91,36,normal,185,60,7
Dhelmise,3.9,70,86,90,40,ghost,210,131,7
Jangmo-o,0.6,45,45,45,45,dragon,29.7,55,7
Hakamo-o,1.2,55,65,70,65,dragon,47,75,7
Kommo-o,1.6,75,100,105,85,dragon,78.2,110,7
Tapu Koko,1.8,70,95,75,130,electric,20.5,115,7
Tapu Lele,1.2,70,130,115,95,psychic,18.6,85,7
Tapu Bulu,1.9,70,85,95,75,grass,45.5,130,7
Tapu Fini,1.3,70,95,130,85,water,21.2,75,7
Cosmog,0.2,43,29,31,37,psychic,0.1,29,7
Cosmoem,0.1,43,29,131,37,psychic,999.9,29,7
Solgaleo,3.4,137,113,89,97,psychic,230,137,7
Lunala,4,137,137,107,97,psychic,120,113,7
Nihilego,1.2,109,127,131,103,rock,55.5,53,7
Buzzwole,2.4,107,53,53,79,bug,333.6,139,7
Pheromosa,1.8,71,137,37,151,bug,25,137,7
Xurkitree,3.8,83,173,71,83,electric,100,89,7
Celesteela,9.2,97,107,101,61,steel,999.9,101,7
Kartana,0.3,59,59,31,109,grass,0.1,181,7
Guzzlord,5.5,223,97,53,43,dark,888,101,7
Necrozma,2.4,97,127,89,79,psychic,230,107,7
Magearna,1,80,130,115,65,steel,80.5,95,7
